"1752877", "119438", "Al Ayyat train disaster", "Anthony Appleyard", "1113724921", "12424117", "579", 
"1752877", "13800", "Al Ayyat train disaster", "RickK", "1113726025", "12509368", "592", 
"1752877", "119438", "Al Ayyat train disaster", "Anthony Appleyard", "1113890986", "12780536", "586", 
"1752877", "173687", "Al Ayyat train disaster", "Tabletop", "1114404030", "12851215", "638", 
"1752877", "119438", "Al Ayyat train disaster", "Anthony Appleyard", "1114547266", "14521796", "634", 
"1752877", "10379", "Al Ayyat train disaster", "GCarty", "1117616070", "15280760", "720", 
"1752877", "173687", "Al Ayyat train disaster", "Tabletop", "1118916820", "15280828", "766", 
"1752877", "173687", "Al Ayyat train disaster", "Tabletop", "1118916988", "17405120", "810", 
"1752877", "266113", "Al Ayyat train disaster", "NSR", "1122472946", "19714248", "804", 
"1752877", "317861", "Al Ayyat train disaster", "Snowfalcon", "1134179884", "30779663", "807", 
"1752877", "107928", "Al Ayyat train disaster", "Darwinek", "1134206865", "30808959", "838", 
"1752877", "572073", "Al Ayyat train disaster", "Wedian", "1141356674", "42000589", "840", 
"1752877", "107930", "Al Ayyat train disaster", "Slambo", "1156548251", "71905523", "877", 
"1752877", "166477", "Al Ayyat train disaster", "Ekem", "1156884916", "72682225", "909", 
"1752877", "1255878", "Al Ayyat train disaster", "Meno25", "1163527069", "87797465", "910", 
"1752877", "2077288", "Al Ayyat train disaster", "ArmadilloFromHell", "1165560757", "92879708", "946", 
"1752877", "3108184", "Al Ayyat train disaster", "Postlebury", "1167413435", "97166178", "979", 
"1752877", "170952", "Al Ayyat train disaster", "Ardfern", "1169069810", "101417041", "1021", 
"1752877", "107930", "Al Ayyat train disaster", "Slambo", "1169397224", "102232771", "992", 
"1752877", "195116043025", "Al Ayyat train disaster", "195.116.43.25", "1195474800", "172471447", "1161", 
"1752877", "4588674", "Al Ayyat train disaster", "Dravecky", "1206077061", "199769362", "1167", 
"1752877", "092237154034", "Al Ayyat train disaster", "92.237.154.34", "1216493482", "226671443", "2038", 
"1752877", "092237154034", "Al Ayyat train disaster", "92.237.154.34", "1216493530", "226671566", "2046", 
"1752877", "3006008", "Al Ayyat train disaster", "Hugo999", "1217081770", "228012802", "2044", 
"1752877", "261435", "Al Ayyat train disaster", "Jaraalbe", "1222500807", "241283880", "2103", 
"1752877", "469320", "Al Ayyat train disaster", "Ssbohio", "1231091867", "261923822", "2095", 
"1752877", "1008048", "Al Ayyat train disaster", "Namiba", "1231376289", "262654107", "2110", 
"1752877", "1979668", "Al Ayyat train disaster", "The Anomebot2", "1237493492", "278393996", "2134", 
"1752877", "082001062101", "Al Ayyat train disaster", "82.1.62.101", "1243689857", "293306714", "2151", 
"1752877", "15708", "Al Ayyat train disaster", "WhisperToMe", "1256530559", "322073944", "2177", 
"1752877", "433328", "Al Ayyat train disaster", "SmackBot", "1256593571", "322217927", "2220", 
"1752877", "11176907", "Al Ayyat train disaster", "Dcjackman", "1260153997", "330172442", "2215", 
"1752877", "10076435", "Al Ayyat train disaster", "Full-date unlinking bot", "1260693179", "331400979", "2207", 
"1752877", "11744290", "Al Ayyat train disaster", "فارس التوحيد", "1271288094", "356066604", "2256", 
"1752877", "8066546", "Al Ayyat train disaster", "Xqbot", "1271567126", "356728382", "2265", 
"1752877", "5894054", "Al Ayyat train disaster", "C628", "1271901496", "357534885", "2292", 
"1752877", "2956291", "Al Ayyat train disaster", "GrahamHardy", "1273705504", "361774393", "2256", 
"1752877", "7320905", "Al Ayyat train disaster", "Luckas-bot", "1288870762", "394768567", "2320", 
"1752877", "004156228216", "Al Ayyat train disaster", "4.156.228.216", "1296680248", "411648031", "2270", 
"1752877", "004156228216", "Al Ayyat train disaster", "4.156.228.216", "1296680288", "411648174", "2270", 
"1752877", "3032144", "Al Ayyat train disaster", "Concertmusic", "1306852368", "431832194", "2292", 
"1752877", "2669838", "Al Ayyat train disaster", "Adamdaley", "1316994546", "452437946", "2291", 
"1752877", "15744107", "Al Ayyat train disaster", "Megafig", "1321482750", "461021723", "2243", 
"1752877", "82835", "Al Ayyat train disaster", "Rich Farmbrough", "1325037808", "468010837", "2327", 
"1752877", "82835", "Al Ayyat train disaster", "Rich Farmbrough", "1325037842", "468010908", "2289", 
"1752877", "82835", "Al Ayyat train disaster", "Rich Farmbrough", "1325037929", "468011063", "2317", 
"1752877", "1108292", "Al Ayyat train disaster", "CBM", "1325038408", "468011873", "2307", 
"1752877", "3827324", "Al Ayyat train disaster", "VeblenBot", "1325086771", "468098001", "2317", 
"8490548", "739530", "Black Christmas (bushfires)", "Thewiikione", "1166404499", "94997201", "2138", 
"8490548", "739530", "Black Christmas (bushfires)", "Thewiikione", "1166953919", "96251632", "2138", 
"8490548", "2479333", "Black Christmas (bushfires)", "Skumarlabot", "1167165239", "96602060", "2154", 
"8490548", "99037", "Black Christmas (bushfires)", "Longhair", "1170574612", "105526295", "2170", 
"8490548", "99037", "Black Christmas (bushfires)", "Longhair", "1170574640", "105526352", "2200", 
"8490548", "433328", "Black Christmas (bushfires)", "SmackBot", "1170672419", "105772179", "2213", 
"8490548", "2043601", "Black Christmas (bushfires)", "BilCat", "1175626568", "120037273", "2226", 
"8490548", "4469495", "Black Christmas (bushfires)", "Lightmouse", "1180353052", "134058464", "2229", 
"8490548", "087185195188", "Black Christmas (bushfires)", "87.185.195.188", "1180908923", "135648032", "2260", 
"8490548", "124176090237", "Black Christmas (bushfires)", "124.176.90.237", "1186668701", "150181436", "2524", 
"8490548", "124176090237", "Black Christmas (bushfires)", "124.176.90.237", "1186668821", "150181764", "2552", 
"8490548", "739530", "Black Christmas (bushfires)", "Thewiikione", "1188524229", "154719312", "2596", 
"8490548", "739530", "Black Christmas (bushfires)", "Thewiikione", "1188524261", "154719371", "2597", 
"8490548", "99037", "Black Christmas (bushfires)", "Longhair", "1189751695", "157796778", "2575", 
"8490548", "433328", "Black Christmas (bushfires)", "SmackBot", "1189770228", "157829191", "2594", 
"8490548", "739530", "Black Christmas (bushfires)", "Thewiikione", "1191398895", "161972095", "2698", 
"8490548", "739530", "Black Christmas (bushfires)", "Thewiikione", "1191398967", "161972225", "2682", 
"8490548", "739530", "Black Christmas (bushfires)", "Thewiikione", "1191449084", "162110167", "2965", 
"8490548", "739530", "Black Christmas (bushfires)", "Thewiikione", "1192270071", "164250208", "3224", 
"8490548", "5585510", "Black Christmas (bushfires)", "Micky mouse2", "1192510378", "164888899", "3339", 
"8490548", "1514772", "Black Christmas (bushfires)", "Jonny-mt", "1192510572", "164889265", "3224", 
"8490548", "3011647", "Black Christmas (bushfires)", "Sam Blacketer", "1193570669", "167610966", "3224", 
"8490548", "218215035144", "Black Christmas (bushfires)", "218.215.35.144", "1193818428", "168261553", "3224", 
"8490548", "121216018154", "Black Christmas (bushfires)", "121.216.18.154", "1204788841", "196239109", "3231", 
"8490548", "121216018154", "Black Christmas (bushfires)", "121.216.18.154", "1204788881", "196239165", "3264", 
"8490548", "857337", "Black Christmas (bushfires)", "Noah Salzman", "1204790749", "196242143", "3224", 
"8490548", "144131138084", "Black Christmas (bushfires)", "144.131.138.84", "1205193987", "197365285", "3262", 
"8490548", "4928500", "Black Christmas (bushfires)", "ClueBot", "1205194059", "197365524", "3224", 
"8490548", "144131138084", "Black Christmas (bushfires)", "144.131.138.84", "1205194249", "197366159", "3238", 
"8490548", "165021154116", "Black Christmas (bushfires)", "165.21.154.116", "1205194341", "197366484", "3224", 
"8490548", "058167125157", "Black Christmas (bushfires)", "58.167.125.157", "1207032097", "202488822", "3218", 
"8490548", "203434", "Black Christmas (bushfires)", "Rjwilmsi", "1219296604", "233263433", "3226", 
"8490548", "957447", "Black Christmas (bushfires)", "Joseph Solis in Australia", "1222482488", "241254576", "3224", 
"8490548", "060241018218", "Black Christmas (bushfires)", "60.241.18.218", "1224378556", "246197063", "3234", 
"8490548", "060241018218", "Black Christmas (bushfires)", "60.241.18.218", "1224378880", "246197888", "3259", 
"8490548", "2576398", "Black Christmas (bushfires)", "McSly", "1224379028", "246198282", "3224", 
"8490548", "765582", "Black Christmas (bushfires)", "Nick carson", "1230108741", "259881480", "3252", 
"8490548", "668752", "Black Christmas (bushfires)", "Radagast83", "1233813162", "268637136", "3164", 
"8490548", "211027114223", "Black Christmas (bushfires)", "211.27.114.223", "1234252054", "269727256", "3164", 
"8490548", "203012158062", "Black Christmas (bushfires)", "203.12.158.62", "1234584846", "270598621", "2959", 
"8490548", "218215025139", "Black Christmas (bushfires)", "218.215.25.139", "1234873425", "271327643", "3224", 
"8490548", "218215025139", "Black Christmas (bushfires)", "218.215.25.139", "1234873549", "271327874", "3253", 
"8490548", "122104089184", "Black Christmas (bushfires)", "122.104.89.184", "1235400636", "272725900", "3254", 
"8490548", "9096379", "Black Christmas (bushfires)", "27GV", "1236000755", "274420154", "3258", 
"8490548", "3089075", "Black Christmas (bushfires)", "Tesscass", "1236033065", "274544599", "3285", 
"8490548", "765582", "Black Christmas (bushfires)", "Nick carson", "1236060455", "274629141", "3355", 
"8490548", "433328", "Black Christmas (bushfires)", "SmackBot", "1236099993", "274718439", "3364", 
"8490548", "124170063239", "Black Christmas (bushfires)", "124.170.63.239", "1236925331", "276921880", "3402", 
"8490548", "124170063239", "Black Christmas (bushfires)", "124.170.63.239", "1236925379", "276921952", "3363", 
"8490548", "1979668", "Black Christmas (bushfires)", "The Anomebot2", "1237491712", "278387984", "3391", 
"8490548", "8574593", "Black Christmas (bushfires)", "RibotBOT", "1240731742", "286190322", "3415", 
"8490548", "5235371", "Black Christmas (bushfires)", "Farras Octara", "1254324909", "317102855", "3452", 
"8490548", "10076435", "Black Christmas (bushfires)", "Full-date unlinking bot", "1258682059", "326849455", "3420", 
"8490548", "122106008224", "Black Christmas (bushfires)", "122.106.8.224", "1271923916", "357583221", "2272", 
"8490548", "9494160", "Black Christmas (bushfires)", "Louperibot", "1273324017", "360894215", "2303", 
"8490548", "120152186058", "Black Christmas (bushfires)", "120.152.186.58", "1280827739", "376910239", "2366", 
"8490548", "4928500", "Black Christmas (bushfires)", "ClueBot", "1280827741", "376910246", "2303", 
"8490548", "7328338", "Black Christmas (bushfires)", "Yobot", "1293229109", "404092996", "2347", 
"8490548", "13153115", "Black Christmas (bushfires)", "Rocketrod1960", "1294662442", "407059120", "2404", 
"8490548", "124169145222", "Black Christmas (bushfires)", "124.169.145.222", "1308444957", "435016752", "3551", 
"8490548", "10426732", "Black Christmas (bushfires)", "Jonkerz", "1312628378", "443327352", "3599", 
"57745", "188", "Hayman Fire", "Ed Poor", "1024294667", "97161", "570", 
"57745", "188", "Hayman Fire", "Ed Poor", "1024294764", "229140", "571", 
"57745", "156063205198", "Hayman Fire", "156.63.205.198", "1032444291", "229178", "445", 
"57745", "156063129144", "Hayman Fire", "156.63.129.144", "1032444681", "350491", "447", 
"57745", "4392", "Hayman Fire", "RTC", "1034317268", "1300022", "571", 
"57745", "16924", "Hayman Fire", "Maximus Rex", "1061066079", "2110151", "603", 
"57745", "27822", "Hayman Fire", "RedWolf", "1073535414", "14873270", "599", 
"57745", "59986", "Hayman Fire", "PDH", "1118234423", "15951890", "617", 
"57745", "1591", "Hayman Fire", "SimonP", "1119968395", "17761482", "622", 
"57745", "070056238127", "Hayman Fire", "70.56.238.127", "1121100891", "18609375", "602", 
"57745", "070056238127", "Hayman Fire", "70.56.238.127", "1121101013", "18609517", "699", 
"57745", "101935", "Hayman Fire", "Cmdrjameson", "1122510793", "19751422", "700", 
"57745", "196153", "Hayman Fire", "Cuchullain", "1132119365", "28478509", "740", 
"57745", "332420", "Hayman Fire", "Emersoni", "1132179045", "28537653", "744", 
"57745", "516444", "Hayman Fire", "Mairibot", "1133284186", "29603657", "752", 
"57745", "206148104177", "Hayman Fire", "206.148.104.177", "1133925091", "30427433", "795", 
"57745", "36352", "Hayman Fire", "Alan Liefting", "1136770543", "34435644", "774", 
"57745", "508734", "Hayman Fire", "Hmains", "1145039947", "48452103", "823", 
"57745", "271058", "Hayman Fire", "YurikBot", "1150632065", "59262446", "844", 
"57745", "271376", "Hayman Fire", "TexasAndroid", "1157988694", "75109059", "892", 
"57745", "205170003233", "Hayman Fire", "205.170.3.233", "1158896157", "77109200", "972", 
"57745", "205170003233", "Hayman Fire", "205.170.3.233", "1158896177", "77109245", "973", 
"57745", "12028", "Hayman Fire", "Jengod", "1159470727", "78354374", "1005", 
"57745", "508734", "Hayman Fire", "Hmains", "1160342051", "80283718", "977", 
"57745", "508734", "Hayman Fire", "Hmains", "1160343822", "80289895", "985", 
"57745", "204098002020", "Hayman Fire", "204.98.2.20", "1164819152", "90930714", "1005", 
"57745", "192055052002", "Hayman Fire", "192.55.52.2", "1165522620", "92766720", "985", 
"57745", "440592", "Hayman Fire", "Buf7579", "1168587016", "100179924", "986", 
"57745", "707329", "Hayman Fire", "NickdelaG", "1170756737", "106020767", "1044", 
"57745", "679632", "Hayman Fire", "EnsRedShirt", "1172467616", "111012490", "1070", 
"57745", "075070208049", "Hayman Fire", "75.70.208.49", "1176960233", "124012686", "1090", 
"57745", "2980684", "Hayman Fire", "Blueronin", "1179076480", "130571768", "1089", 
"57745", "1600672", "Hayman Fire", "Tweesdad", "1179082716", "130592158", "1466", 
"57745", "1600672", "Hayman Fire", "Tweesdad", "1179082971", "130593017", "1470", 
"57745", "508734", "Hayman Fire", "Hmains", "1180324006", "134001022", "1472", 
"57745", "11745", "Hayman Fire", "Dwo", "1180819937", "135402740", "1485", 
"57745", "1600672", "Hayman Fire", "Tweesdad", "1182238296", "139153162", "1513", 
"57745", "433328", "Hayman Fire", "SmackBot", "1182271305", "139230790", "1528", 
"57745", "4967896", "Hayman Fire", "Avenged Eightfold", "1194381042", "169672777", "1528", 
"57745", "4967896", "Hayman Fire", "Avenged Eightfold", "1194381061", "169672840", "1528", 
"57745", "4469495", "Hayman Fire", "Lightmouse", "1199970452", "183387992", "1524", 
"57745", "426034", "Hayman Fire", "Truants", "1200096848", "183743245", "2392", 
"57745", "067168216178", "Hayman Fire", "67.168.216.178", "1201481158", "187365578", "2429", 
"57745", "075070038240", "Hayman Fire", "75.70.38.240", "1207259452", "203143888", "2520", 
"57745", "075070038240", "Hayman Fire", "75.70.38.240", "1207259551", "203144326", "2572", 
"57745", "070230211005", "Hayman Fire", "70.230.211.5", "1207580867", "203997959", "2924", 
"57745", "7178666", "Hayman Fire", "Lightbot", "1212799933", "217654053", "2923", 
"57745", "668752", "Hayman Fire", "Radagast83", "1219726873", "234289559", "4938", 
"57745", "024056180098", "Hayman Fire", "24.56.180.98", "1222106351", "240256512", "4940", 
"57745", "024056180098", "Hayman Fire", "24.56.180.98", "1222106491", "240256810", "4944", 
"57745", "1635280", "Hayman Fire", "TimVickers", "1222186994", "240469174", "4938", 
"57745", "261435", "Hayman Fire", "Jaraalbe", "1222548843", "241394946", "4934", 
"57745", "525927", "Hayman Fire", "Chris the speller", "1223911940", "245007477", "4935", 
"57745", "2666389", "Hayman Fire", "Plasticup", "1224817872", "247311279", "4927", 
"57745", "075071041101", "Hayman Fire", "75.71.41.101", "1236041692", "274575994", "4925", 
"57745", "097121190159", "Hayman Fire", "97.121.190.159", "1239393179", "283036911", "4836", 
"57745", "1979668", "Hayman Fire", "The Anomebot2", "1240230781", "285002625", "4868", 
"57745", "2465460", "Hayman Fire", "FusionDude", "1241238354", "287386555", "4870", 
"57745", "1979668", "Hayman Fire", "The Anomebot2", "1241740536", "288577327", "4865", 
"57745", "154757", "Hayman Fire", "BlueCanoe", "1244493732", "295241263", "6099", 
"57745", "1208138", "Hayman Fire", "AndrewHowse", "1257482145", "324220313", "6132", 
"57745", "82835", "Hayman Fire", "Rich Farmbrough", "1258533641", "326502389", "6108", 
"57745", "220233164063", "Hayman Fire", "220.233.164.63", "1263436033", "337722652", "6107", 
"57745", "154757", "Hayman Fire", "BlueCanoe", "1263438091", "337727027", "6101", 
"57745", "131193226055", "Hayman Fire", "131.193.226.55", "1268771820", "350269936", "6105", 
"57745", "6577562", "Hayman Fire", "LabradorLover456", "1269876522", "352751028", "6495", 
"57745", "3006008", "Hayman Fire", "Hugo999", "1270615986", "354468735", "6524", 
"57745", "3006008", "Hayman Fire", "Hugo999", "1270635687", "354501973", "6515", 
"57745", "10996774", "Hayman Fire", "RjwilmsiBot", "1272974653", "360050568", "6543", 
"57745", "075166100033", "Hayman Fire", "75.166.100.33", "1275051244", "364658133", "6862", 
"57745", "075166100033", "Hayman Fire", "75.166.100.33", "1275051522", "364658600", "6913", 
"57745", "075166100033", "Hayman Fire", "75.166.100.33", "1275051766", "364658988", "6974", 
"57745", "075166100033", "Hayman Fire", "75.166.100.33", "1275051807", "364659069", "6975", 
"57745", "209097232066", "Hayman Fire", "209.97.232.66", "1275602664", "365910469", "6975", 
"57745", "12611921", "Hayman Fire", "Tmweiss", "1277229410", "369584706", "7138", 
"57745", "174016245015", "Hayman Fire", "174.16.245.15", "1277358645", "369867005", "7136", 
"57745", "174016245015", "Hayman Fire", "174.16.245.15", "1277358719", "369867104", "7131", 
"57745", "071229164030", "Hayman Fire", "71.229.164.30", "1279254129", "373747704", "7034", 
"57745", "076025001211", "Hayman Fire", "76.25.1.211", "1279493178", "374207133", "7216", 
"57745", "9540157", "Hayman Fire", "Citation bot 1", "1280452909", "376187960", "7242", 
"57745", "075166073121", "Hayman Fire", "75.166.73.121", "1281149702", "377585839", "7244", 
"57745", "899547", "Hayman Fire", "Skinsmoke", "1284309673", "384413775", "7316", 
"57745", "899547", "Hayman Fire", "Skinsmoke", "1284309929", "384414565", "7292", 
"57745", "7328338", "Hayman Fire", "Yobot", "1293444712", "404438371", "7280", 
"57745", "064132000250", "Hayman Fire", "64.132.0.250", "1298045874", "414636185", "7311", 
"57745", "13895884", "Hayman Fire", "Tucker454", "1298448634", "415473275", "7802", 
"57745", "203786", "Hayman Fire", "Tim!", "1310592936", "439327987", "7793", 
"57745", "075070070017", "Hayman Fire", "75.70.70.17", "1312138221", "442391590", "7793", 
"57745", "232133", "Hayman Fire", "Ground Zero", "1319384523", "456995024", "7793", 
"57745", "134231245110", "Hayman Fire", "134.231.245.110", "1322662669", "463299380", "7797", 
"57745", "2490128", "Hayman Fire", "Reedy Bot", "1323914491", "465926571", "7829", 
"57745", "098127191178", "Hayman Fire", "98.127.191.178", "1325347190", "468787040", "7931", 
"57745", "098127191178", "Hayman Fire", "98.127.191.178", "1325347375", "468787392", "7938", 
"57745", "165127194251", "Hayman Fire", "165.127.194.251", "1325610406", "469350997", "7927", 
"57745", "165127194251", "Hayman Fire", "165.127.194.251", "1325610605", "469351663", "8003", 
"57745", "165127090110", "Hayman Fire", "165.127.90.110", "1325698942", "469544283", "7999", 
"57745", "165127194251", "Hayman Fire", "165.127.194.251", "1326146444", "470508213", "8010", 
"57745", "165127194251", "Hayman Fire", "165.127.194.251", "1326146545", "470508442", "7997", 
"57745", "165127194251", "Hayman Fire", "165.127.194.251", "1326146639", "470508649", "7975", 
"13328544", "5060407", "Ho Chi Minh City ITC fire", "NicolasLord", "1190138772", "158774403", "3188", 
"13328544", "085071211066", "Ho Chi Minh City ITC fire", "85.71.211.66", "1190141510", "158783105", "3613", 
"13328544", "085071211066", "Ho Chi Minh City ITC fire", "85.71.211.66", "1190141641", "158783547", "3648", 
"13328544", "085071211066", "Ho Chi Minh City ITC fire", "85.71.211.66", "1190141790", "158784030", "3715", 
"13328544", "085071211066", "Ho Chi Minh City ITC fire", "85.71.211.66", "1190141809", "158784105", "3716", 
"13328544", "085071211066", "Ho Chi Minh City ITC fire", "85.71.211.66", "1190145638", "158795796", "3793", 
"13328544", "5060407", "Ho Chi Minh City ITC fire", "NicolasLord", "1190146738", "158799554", "3842", 
"13328544", "5060407", "Ho Chi Minh City ITC fire", "NicolasLord", "1190146819", "158799848", "3879", 
"13328544", "5060407", "Ho Chi Minh City ITC fire", "NicolasLord", "1190147040", "158800647", "3974", 
"13328544", "5060407", "Ho Chi Minh City ITC fire", "NicolasLord", "1190147088", "158800813", "3974", 
"13328544", "199071174100", "Ho Chi Minh City ITC fire", "199.71.174.100", "1190151424", "158815725", "3988", 
"13328544", "199071174100", "Ho Chi Minh City ITC fire", "199.71.174.100", "1190152703", "158819765", "4051", 
"13328544", "737373", "Ho Chi Minh City ITC fire", "JLogan", "1190191450", "158910088", "4810", 
"13328544", "085071211066", "Ho Chi Minh City ITC fire", "85.71.211.66", "1190207383", "158941540", "4799", 
"13328544", "085071211066", "Ho Chi Minh City ITC fire", "85.71.211.66", "1190207523", "158941880", "6432", 
"13328544", "085071211066", "Ho Chi Minh City ITC fire", "85.71.211.66", "1190207852", "158942671", "9055", 
"13328544", "085071211066", "Ho Chi Minh City ITC fire", "85.71.211.66", "1190208215", "158943743", "9476", 
"13328544", "085071211066", "Ho Chi Minh City ITC fire", "85.71.211.66", "1190217576", "158970877", "9522", 
"13328544", "085071211066", "Ho Chi Minh City ITC fire", "85.71.211.66", "1190217635", "158971047", "9522", 
"13328544", "085071211066", "Ho Chi Minh City ITC fire", "85.71.211.66", "1190217760", "158971471", "10663", 
"13328544", "085071211066", "Ho Chi Minh City ITC fire", "85.71.211.66", "1190224031", "158991114", "9522", 
"13328544", "085071211066", "Ho Chi Minh City ITC fire", "85.71.211.66", "1190224062", "158991222", "10663", 
"13328544", "085071211066", "Ho Chi Minh City ITC fire", "85.71.211.66", "1190226719", "159000160", "10721", 
"13328544", "085071211066", "Ho Chi Minh City ITC fire", "85.71.211.66", "1190227003", "159001074", "10745", 
"13328544", "085071211066", "Ho Chi Minh City ITC fire", "85.71.211.66", "1190227289", "159002006", "10864", 
"13328544", "165613", "Ho Chi Minh City ITC fire", "Carcharoth", "1190240175", "159044236", "10883", 
"13328544", "199071174100", "Ho Chi Minh City ITC fire", "199.71.174.100", "1190337570", "159296149", "10825", 
"13328544", "213235159166", "Ho Chi Minh City ITC fire", "213.235.159.166", "1190361046", "159343884", "10883", 
"13328544", "085071211066", "Ho Chi Minh City ITC fire", "85.71.211.66", "1190378889", "159379116", "10969", 
"13328544", "2195630", "Ho Chi Minh City ITC fire", "Xtreme racer", "1190380445", "159383317", "10979", 
"13328544", "1897072", "Ho Chi Minh City ITC fire", "Wikidudeman", "1190385371", "159397253", "11008", 
"13328544", "1546024", "Ho Chi Minh City ITC fire", "Natalie Erin", "1190399956", "159443930", "10950", 
"13328544", "1443042", "Ho Chi Minh City ITC fire", "Andyjsmith", "1190413247", "159485078", "10657", 
"13328544", "1443042", "Ho Chi Minh City ITC fire", "Andyjsmith", "1190413344", "159485332", "6696", 
"13328544", "1443042", "Ho Chi Minh City ITC fire", "Andyjsmith", "1190413666", "159486156", "5555", 
"13328544", "1443042", "Ho Chi Minh City ITC fire", "Andyjsmith", "1190413925", "159486908", "5184", 
"13328544", "2195630", "Ho Chi Minh City ITC fire", "Xtreme racer", "1190437423", "159542776", "5211", 
"13328544", "2195630", "Ho Chi Minh City ITC fire", "Xtreme racer", "1190437475", "159542872", "5210", 
"13328544", "085071211066", "Ho Chi Minh City ITC fire", "85.71.211.66", "1190449282", "159560775", "5401", 
"13328544", "199071174100", "Ho Chi Minh City ITC fire", "199.71.174.100", "1190493018", "159664434", "5409", 
"13328544", "199071174100", "Ho Chi Minh City ITC fire", "199.71.174.100", "1190494592", "159668853", "5420", 
"13328544", "199071174100", "Ho Chi Minh City ITC fire", "199.71.174.100", "1190495154", "159670589", "5498", 
"13328544", "199071174100", "Ho Chi Minh City ITC fire", "199.71.174.100", "1190495471", "159671557", "5518", 
"13328544", "199071174100", "Ho Chi Minh City ITC fire", "199.71.174.100", "1190495632", "159672047", "5458", 
"13328544", "199071174100", "Ho Chi Minh City ITC fire", "199.71.174.100", "1190495977", "159673153", "5680", 
"13328544", "199071174100", "Ho Chi Minh City ITC fire", "199.71.174.100", "1190496291", "159674079", "5684", 
"13328544", "199071174100", "Ho Chi Minh City ITC fire", "199.71.174.100", "1190496565", "159674886", "5920", 
"13328544", "199071174100", "Ho Chi Minh City ITC fire", "199.71.174.100", "1190496651", "159675151", "5932", 
"13328544", "085071211066", "Ho Chi Minh City ITC fire", "85.71.211.66", "1190537333", "159765269", "6060", 
"13328544", "085071211066", "Ho Chi Minh City ITC fire", "85.71.211.66", "1190537400", "159765357", "6081", 
"13328544", "296804", "Ho Chi Minh City ITC fire", "GeeJo", "1190540426", "159769809", "6807", 
"13328544", "1155349", "Ho Chi Minh City ITC fire", "Edwin", "1190541903", "159772123", "6796", 
"13328544", "1660749", "Ho Chi Minh City ITC fire", "-m-i-k-e-y-", "1190544475", "159776111", "6803", 
"13328544", "179697", "Ho Chi Minh City ITC fire", "GregorB", "1190549914", "159785781", "6803", 
"13328544", "085071211066", "Ho Chi Minh City ITC fire", "85.71.211.66", "1190559119", "159806357", "6798", 
"13328544", "085071211066", "Ho Chi Minh City ITC fire", "85.71.211.66", "1190560032", "159808624", "7091", 
"13328544", "085071211066", "Ho Chi Minh City ITC fire", "85.71.211.66", "1190560619", "159810190", "7084", 
"13328544", "085071211066", "Ho Chi Minh City ITC fire", "85.71.211.66", "1190560795", "159810666", "7108", 
"13328544", "924147", "Ho Chi Minh City ITC fire", "Norm mit", "1190568948", "159834356", "7110", 
"13328544", "199071174100", "Ho Chi Minh City ITC fire", "199.71.174.100", "1190569517", "159836175", "7108", 
"13328544", "024083079132", "Ho Chi Minh City ITC fire", "24.83.79.132", "1190570595", "159839394", "7117", 
"13328544", "199071174100", "Ho Chi Minh City ITC fire", "199.71.174.100", "1190570597", "159839400", "7171", 
"13328544", "433328", "Ho Chi Minh City ITC fire", "SmackBot", "1190571828", "159843504", "7251", 
"13328544", "82835", "Ho Chi Minh City ITC fire", "Rich Farmbrough", "1190583398", "159881635", "7265", 
"13328544", "085071211066", "Ho Chi Minh City ITC fire", "85.71.211.66", "1190646004", "160026685", "7265", 
"13328544", "074014017200", "Ho Chi Minh City ITC fire", "74.14.17.200", "1190652416", "160049098", "7265", 
"13328544", "085071211066", "Ho Chi Minh City ITC fire", "85.71.211.66", "1190737453", "160276119", "7271", 
"13328544", "199071174100", "Ho Chi Minh City ITC fire", "199.71.174.100", "1190737726", "160276934", "7265", 
"13328544", "1590331", "Ho Chi Minh City ITC fire", "Akradecki", "1190742336", "160290192", "7265", 
"13328544", "1590331", "Ho Chi Minh City ITC fire", "Akradecki", "1190742382", "160290345", "7223", 
"13328544", "085071211066", "Ho Chi Minh City ITC fire", "85.71.211.66", "1190832447", "160524461", "7225", 
"13328544", "199071174100", "Ho Chi Minh City ITC fire", "199.71.174.100", "1190870918", "160635948", "7223", 
"13328544", "085071211066", "Ho Chi Minh City ITC fire", "85.71.211.66", "1190971901", "160882109", "7223", 
"13328544", "085071211066", "Ho Chi Minh City ITC fire", "85.71.211.66", "1191068711", "161105185", "7323", 
"13328544", "2262985", "Ho Chi Minh City ITC fire", "Genghiskhanviet", "1191145902", "161292404", "7352", 
"13328544", "32104", "Ho Chi Minh City ITC fire", "DHN", "1191146990", "161294170", "7347", 
"13328544", "32104", "Ho Chi Minh City ITC fire", "DHN", "1191147002", "161294184", "7349", 
"13328544", "085071211066", "Ho Chi Minh City ITC fire", "85.71.211.66", "1192378397", "164515725", "7385", 
"13328544", "4005189", "Ho Chi Minh City ITC fire", "SieBot", "1192433650", "164668620", "7386", 
"13328544", "199071174100", "Ho Chi Minh City ITC fire", "199.71.174.100", "1196382171", "174720943", "7396", 
"13328544", "433328", "Ho Chi Minh City ITC fire", "SmackBot", "1196689901", "175482070", "7415", 
"13328544", "085071211066", "Ho Chi Minh City ITC fire", "85.71.211.66", "1197143189", "176621272", "7432", 
"13328544", "2106369", "Ho Chi Minh City ITC fire", "GregU", "1201383271", "187105740", "7502", 
"13328544", "381244", "Ho Chi Minh City ITC fire", "De Administrando Imperio", "1206105726", "199821113", "7502", 
"13328544", "207233067181", "Ho Chi Minh City ITC fire", "207.233.67.181", "1214242915", "221239455", "7495", 
"13328544", "889851", "Ho Chi Minh City ITC fire", "Ryulong", "1218524873", "231403177", "7447", 
"13328544", "1979668", "Ho Chi Minh City ITC fire", "The Anomebot2", "1222213375", "240563622", "7452", 
"13328544", "261435", "Ho Chi Minh City ITC fire", "Jaraalbe", "1222548868", "241395014", "7448", 
"13328544", "261435", "Ho Chi Minh City ITC fire", "Jaraalbe", "1225835750", "249733030", "7429", 
"13328544", "098119177171", "Ho Chi Minh City ITC fire", "98.119.177.171", "1239761640", "283914910", "7459", 
"13328544", "433328", "Ho Chi Minh City ITC fire", "SmackBot", "1261515337", "333356716", "7377", 
"13328544", "070162043187", "Ho Chi Minh City ITC fire", "70.162.43.187", "1266430556", "344655160", "7377", 
"13328544", "8834", "Ho Chi Minh City ITC fire", "Darkwind", "1271272687", "356022235", "7418", 
"13328544", "433328", "Ho Chi Minh City ITC fire", "SmackBot", "1275901379", "366524498", "7397", 
"13328544", "12250230", "Ho Chi Minh City ITC fire", "Jt Phan", "1277068153", "369238884", "7388", 
"13328544", "753665", "Ho Chi Minh City ITC fire", "Ser Amantio di Nicolao", "1280333862", "375931756", "7331", 
"13328544", "4135", "Ho Chi Minh City ITC fire", "Mrwojo", "1288372967", "393640626", "7321", 
"13328544", "5630772", "Ho Chi Minh City ITC fire", "Muhandes", "1307980286", "434072902", "7291", 
"4846229", "1224466", "Lagos Armoury Explosion", "Jackyd101", "1145663703", "49519604", "6183", 
"4846229", "1224466", "Lagos Armoury Explosion", "Jackyd101", "1145664592", "49521442", "6215", 
"4846229", "1224466", "Lagos Armoury Explosion", "Jackyd101", "1145678212", "49545934", "6216", 
"4846229", "1079367", "Lagos Armoury Explosion", "CmdrObot", "1146092224", "50331597", "6217", 
"4846229", "1224466", "Lagos Armoury Explosion", "Jackyd101", "1146291018", "50702449", "6894", 
"4846229", "419920", "Lagos Armoury Explosion", "That Guy, From That Show!", "1147148192", "52263552", "6894", 
"4846229", "63037", "Lagos Armoury Explosion", "One Salient Oversight", "1147522038", "52988131", "6894", 
"4846229", "527862", "Lagos Armoury Explosion", "Bluebot", "1148595819", "55149360", "6892", 
"4846229", "155237", "Lagos Armoury Explosion", "Lkinkade", "1151364151", "60743921", "6892", 
"4846229", "57761", "Lagos Armoury Explosion", "HorsePunchKid", "1152167177", "62324918", "6890", 
"4846229", "3108184", "Lagos Armoury Explosion", "Postlebury", "1167514824", "97406013", "6917", 
"4846229", "64875", "Lagos Armoury Explosion", "Icairns", "1187374405", "151871062", "6928", 
"4846229", "1215485", "Lagos Armoury Explosion", "Cydebot", "1192302559", "164335045", "6918", 
"4846229", "4967896", "Lagos Armoury Explosion", "Avenged Eightfold", "1194380961", "169672437", "6918", 
"4846229", "4967896", "Lagos Armoury Explosion", "Avenged Eightfold", "1194380977", "169672503", "6918", 
"4846229", "179697", "Lagos Armoury Explosion", "GregorB", "1208699283", "206882897", "6920", 
"4846229", "153556", "Lagos Armoury Explosion", "Mahanga", "1213915669", "220452216", "6932", 
"4846229", "261435", "Lagos Armoury Explosion", "Jaraalbe", "1221770685", "239373348", "6969", 
"4846229", "1224466", "Lagos Armoury Explosion", "Jackyd101", "1223540797", "244088372", "7498", 
"4846229", "1224466", "Lagos Armoury Explosion", "Jackyd101", "1223543457", "244092356", "10136", 
"4846229", "1224466", "Lagos Armoury Explosion", "Jackyd101", "1223543731", "244092786", "10385", 
"4846229", "2324917", "Lagos Armoury Explosion", "Wbrice83186", "1227552982", "253836695", "10386", 
"4846229", "196446", "Lagos Armoury Explosion", "BD2412", "1229305890", "258029337", "10387", 
"4846229", "469320", "Lagos Armoury Explosion", "Ssbohio", "1231097614", "261939370", "10411", 
"4846229", "1215485", "Lagos Armoury Explosion", "Cydebot", "1233908672", "268877971", "10411", 
"4846229", "1979668", "Lagos Armoury Explosion", "The Anomebot2", "1237494223", "278396226", "10438", 
"4846229", "099139224252", "Lagos Armoury Explosion", "99.139.224.252", "1257720384", "324728391", "10437", 
"4846229", "5026668", "Lagos Armoury Explosion", "The Thing That Should Not Be", "1257720503", "324728725", "10438", 
"4846229", "203434", "Lagos Armoury Explosion", "Rjwilmsi", "1261572305", "333546782", "10439", 
"4846229", "4782567", "Lagos Armoury Explosion", "Lukasz Lukomski", "1271109126", "355625893", "10483", 
"4846229", "059093197250", "Lagos Armoury Explosion", "59.93.197.250", "1273466006", "361214698", "10472", 
"4846229", "082001123082", "Lagos Armoury Explosion", "82.1.123.82", "1273494824", "361261374", "10479", 
"4846229", "7490646", "Lagos Armoury Explosion", "KamikazeBot", "1276544114", "368027769", "10468", 
"4846229", "069239201154", "Lagos Armoury Explosion", "69.239.201.154", "1279461187", "374137652", "10464", 
"4846229", "069239201154", "Lagos Armoury Explosion", "69.239.201.154", "1279461210", "374137702", "10460", 
"4846229", "086016089021", "Lagos Armoury Explosion", "86.16.89.21", "1288807674", "394625441", "10456", 
"4846229", "3006008", "Lagos Armoury Explosion", "Hugo999", "1289965469", "397238126", "10467", 
"4846229", "1979668", "Lagos Armoury Explosion", "The Anomebot2", "1293698557", "404962781", "10502", 
"4846229", "6929011", "Lagos Armoury Explosion", "CarsracBot", "1300882787", "420308736", "10529", 
"16967833", "3094203", "2002 Mecca girls' school fire", "BoogaLouie", "1208383842", "206115902", "4230", 
"16967833", "3094203", "2002 Mecca girls' school fire", "BoogaLouie", "1208384851", "206118912", "4256", 
"16967833", "179697", "2002 Mecca girls' school fire", "GregorB", "1208693731", "206871579", "4030", 
"16967833", "1008048", "2002 Mecca girls' school fire", "Namiba", "1208880658", "207385361", "4097", 
"16967833", "170952", "2002 Mecca girls' school fire", "Ardfern", "1210369599", "211344489", "4136", 
"16967833", "784100", "2002 Mecca girls' school fire", "DrNixon", "1213623816", "219698014", "4130", 
"16967833", "784100", "2002 Mecca girls' school fire", "DrNixon", "1213623849", "219698093", "4130", 
"16967833", "068179121193", "2002 Mecca girls' school fire", "68.179.121.193", "1216237281", "226087163", "4159", 
"16967833", "068179121193", "2002 Mecca girls' school fire", "68.179.121.193", "1216237323", "226087337", "4163", 
"16967833", "3094203", "2002 Mecca girls' school fire", "BoogaLouie", "1216422984", "226538407", "4191", 
"16967833", "261435", "2002 Mecca girls' school fire", "Jaraalbe", "1222548898", "241395101", "4187", 
"16967833", "063026114160", "2002 Mecca girls' school fire", "63.26.114.160", "1227516254", "253756580", "4213", 
"16967833", "433328", "2002 Mecca girls' school fire", "SmackBot", "1227584658", "253935848", "4172", 
"16967833", "35746", "2002 Mecca girls' school fire", "PBP", "1229143469", "257631344", "4145", 
"16967833", "469320", "2002 Mecca girls' school fire", "Ssbohio", "1231038624", "261816349", "4145", 
"16967833", "8667781", "2002 Mecca girls' school fire", "Edgecliff89", "1231749753", "263551910", "4309", 
"16967833", "124125082141", "2002 Mecca girls' school fire", "124.125.82.141", "1236449133", "275636763", "4307", 
"16967833", "70108", "2002 Mecca girls' school fire", "Stephen Jones", "1236910704", "276890270", "6086", 
"16967833", "1979668", "2002 Mecca girls' school fire", "The Anomebot2", "1237494330", "278396582", "6114", 
"16967833", "012018076009", "2002 Mecca girls' school fire", "12.18.76.9", "1237838687", "279217639", "5906", 
"16967833", "012018076009", "2002 Mecca girls' school fire", "12.18.76.9", "1237843752", "279234374", "5724", 
"16967833", "3741064", "2002 Mecca girls' school fire", "Elecbullet", "1239655556", "283640686", "5583", 
"16967833", "6996885", "2002 Mecca girls' school fire", "Chzz", "1239680653", "283714096", "5617", 
"16967833", "6996885", "2002 Mecca girls' school fire", "Chzz", "1239680759", "283714364", "5648", 
"16967833", "6794892", "2002 Mecca girls' school fire", "Elmondo21st", "1240660631", "286028390", "5707", 
"16967833", "6794892", "2002 Mecca girls' school fire", "Elmondo21st", "1240660751", "286028575", "5706", 
"16967833", "6754078", "2002 Mecca girls' school fire", "Oniongas", "1241256336", "287414092", "5729", 
"16967833", "433328", "2002 Mecca girls' school fire", "SmackBot", "1241283230", "287473637", "5728", 
"16967833", "3094203", "2002 Mecca girls' school fire", "BoogaLouie", "1241538283", "288070618", "5886", 
"16967833", "82835", "2002 Mecca girls' school fire", "Rich Farmbrough", "1259795962", "329337073", "5923", 
"16967833", "203434", "2002 Mecca girls' school fire", "Rjwilmsi", "1262301568", "335195210", "5946", 
"16967833", "4021475", "2002 Mecca girls' school fire", "Mycomp", "1268544765", "349750249", "5947", 
"16967833", "12147943", "2002 Mecca girls' school fire", "Beeb144", "1272289947", "358406351", "5955", 
"16967833", "7320905", "2002 Mecca girls' school fire", "Luckas-bot", "1272720807", "359438760", "6015", 
"16967833", "1387941", "2002 Mecca girls' school fire", "JamesAM", "1274154214", "362742593", "6014", 
"16967833", "159678", "2002 Mecca girls' school fire", "Woohookitty", "1279007760", "373220622", "6096", 
"16967833", "12406635", "2002 Mecca girls' school fire", "SporkBot", "1281996980", "379294691", "6066", 
"16967833", "35746", "2002 Mecca girls' school fire", "PBP", "1289453540", "396076025", "6651", 
"16967833", "5879355", "2002 Mecca girls' school fire", "Chrono1084", "1293980430", "405502495", "6639", 
"16967833", "433328", "2002 Mecca girls' school fire", "SmackBot", "1297202306", "412795138", "6699", 
"16967833", "555794", "2002 Mecca girls' school fire", "Roscelese", "1300343614", "419256032", "6743", 
"16967833", "099169228243", "2002 Mecca girls' school fire", "99.169.228.243", "1308183000", "434501488", "6746", 
"16967833", "099169228243", "2002 Mecca girls' school fire", "99.169.228.243", "1308183155", "434501801", "6721", 
"16967833", "7619037", "2002 Mecca girls' school fire", "Shootbamboo", "1308193169", "434520296", "6743", 
"16967833", "14692654", "2002 Mecca girls' school fire", "Wheatsing", "1312350564", "442798002", "8033", 
"16967833", "13605442", "2002 Mecca girls' school fire", "Shylocksboy", "1320509629", "459153505", "8029", 
"16967833", "1215485", "2002 Mecca girls' school fire", "Cydebot", "1321068026", "460233379", "8037", 
"16967833", "129110241019", "2002 Mecca girls' school fire", "129.110.241.19", "1322883180", "463771195", "8037", 
"16967833", "095023090230", "2002 Mecca girls' school fire", "95.23.90.230", "1326498599", "471235330", "8037", 
"22019977", "9237460", "Mitchell jail fire", "Westheman12", "1237302689", "277875516", "4165", 
"22019977", "1180430", "Mitchell jail fire", "Keithh", "1238511153", "280870142", "4168", 
"22019977", "4076676", "Mitchell jail fire", "Malcolmxl5", "1239411020", "283087881", "4204", 
"22019977", "4076676", "Mitchell jail fire", "Malcolmxl5", "1239411043", "283087943", "4223", 
"22019977", "4076676", "Mitchell jail fire", "Malcolmxl5", "1239411106", "283088114", "4255", 
"22019977", "4076676", "Mitchell jail fire", "Malcolmxl5", "1239411151", "283088231", "4264", 
"22019977", "172131253244", "Mitchell jail fire", "172.131.253.244", "1239414224", "283095880", "4168", 
"22019977", "3415363", "Mitchell jail fire", "Sanfranman59", "1239416230", "283100396", "4264", 
"22019977", "433328", "Mitchell jail fire", "SmackBot", "1241892100", "288907822", "4285", 
"22019977", "1979668", "Mitchell jail fire", "The Anomebot2", "1245316573", "297126457", "4318", 
"22019977", "099012091243", "Mitchell jail fire", "99.12.91.243", "1261002335", "332133707", "4320", 
"22019977", "1979668", "Mitchell jail fire", "The Anomebot2", "1267908230", "348165934", "4321", 
"22019977", "12300616", "Mitchell jail fire", "A930913", "1276536091", "368004430", "4321", 
"22019977", "753665", "Mitchell jail fire", "Ser Amantio di Nicolao", "1279043686", "373295901", "4345", 
"22019977", "753665", "Mitchell jail fire", "Ser Amantio di Nicolao", "1279043693", "373295919", "4384", 
"22019977", "753665", "Mitchell jail fire", "Ser Amantio di Nicolao", "1279043705", "373295951", "4425", 
"22019977", "753665", "Mitchell jail fire", "Ser Amantio di Nicolao", "1279043716", "373295972", "4421", 
"22019977", "753665", "Mitchell jail fire", "Ser Amantio di Nicolao", "1279043727", "373295997", "4466", 
"22019977", "3006008", "Mitchell jail fire", "Hugo999", "1282179345", "379688167", "4473", 
"22019977", "2946795", "Mitchell jail fire", "Davecrosby uk", "1303848645", "426075906", "4508", 
"22019977", "203786", "Mitchell jail fire", "Tim!", "1313443680", "445042249", "4544", 
"22019977", "506179", "Mitchell jail fire", "Gilliam", "1314147067", "446412987", "4555", 
"20826035", "765582", "2002–03 Australian bushfire season", "Nick carson", "1230091815", "259853611", "161", 
"20826035", "765582", "2002–03 Australian bushfire season", "Nick carson", "1230091847", "259853675", "189", 
"20826035", "765582", "2002–03 Australian bushfire season", "Nick carson", "1230091892", "259853756", "294", 
"20826035", "677816", "2002–03 Australian bushfire season", "Fullstop", "1230091928", "259853824", "294", 
"20826035", "765582", "2002–03 Australian bushfire season", "Nick carson", "1230092621", "259855154", "505", 
"20826035", "765582", "2002–03 Australian bushfire season", "Nick carson", "1230092694", "259855279", "574", 
"20826035", "765582", "2002–03 Australian bushfire season", "Nick carson", "1230092741", "259855349", "635", 
"20826035", "765582", "2002–03 Australian bushfire season", "Nick carson", "1230092910", "259855678", "811", 
"20826035", "765582", "2002–03 Australian bushfire season", "Nick carson", "1230093023", "259855874", "947", 
"20826035", "765582", "2002–03 Australian bushfire season", "Nick carson", "1230093069", "259855956", "1004", 
"20826035", "765582", "2002–03 Australian bushfire season", "Nick carson", "1230093142", "259856089", "1021", 
"20826035", "765582", "2002–03 Australian bushfire season", "Nick carson", "1230093282", "259856348", "1671", 
"20826035", "765582", "2002–03 Australian bushfire season", "Nick carson", "1230093303", "259856386", "1681", 
"20826035", "765582", "2002–03 Australian bushfire season", "Nick carson", "1230093383", "259856534", "2307", 
"20826035", "765582", "2002–03 Australian bushfire season", "Nick carson", "1230093591", "259856935", "3056", 
"20826035", "765582", "2002–03 Australian bushfire season", "Nick carson", "1230093637", "259857013", "3064", 
"20826035", "765582", "2002–03 Australian bushfire season", "Nick carson", "1230093844", "259857401", "4090", 
"20826035", "765582", "2002–03 Australian bushfire season", "Nick carson", "1230093866", "259857462", "4090", 
"20826035", "765582", "2002–03 Australian bushfire season", "Nick carson", "1230093922", "259857568", "4126", 
"20826035", "765582", "2002–03 Australian bushfire season", "Nick carson", "1230094278", "259858190", "4786", 
"20826035", "765582", "2002–03 Australian bushfire season", "Nick carson", "1230094294", "259858222", "4795", 
"20826035", "765582", "2002–03 Australian bushfire season", "Nick carson", "1230094417", "259858425", "4873", 
"20826035", "765582", "2002–03 Australian bushfire season", "Nick carson", "1230094530", "259858616", "4939", 
"20826035", "765582", "2002–03 Australian bushfire season", "Nick carson", "1230094565", "259858671", "4945", 
"20826035", "765582", "2002–03 Australian bushfire season", "Nick carson", "1230094649", "259858825", "4969", 
"20826035", "765582", "2002–03 Australian bushfire season", "Nick carson", "1230094792", "259859080", "5281", 
"20826035", "765582", "2002–03 Australian bushfire season", "Nick carson", "1230094981", "259859417", "5946", 
"20826035", "765582", "2002–03 Australian bushfire season", "Nick carson", "1230095002", "259859460", "5954", 
"20826035", "765582", "2002–03 Australian bushfire season", "Nick carson", "1230095031", "259859510", "5982", 
"20826035", "765582", "2002–03 Australian bushfire season", "Nick carson", "1230095086", "259859621", "6078", 
"20826035", "765582", "2002–03 Australian bushfire season", "Nick carson", "1230095172", "259859804", "6087", 
"20826035", "765582", "2002–03 Australian bushfire season", "Nick carson", "1230095730", "259860926", "6500", 
"20826035", "765582", "2002–03 Australian bushfire season", "Nick carson", "1230096512", "259862420", "6747", 
"20826035", "765582", "2002–03 Australian bushfire season", "Nick carson", "1230096661", "259862723", "7345", 
"20826035", "765582", "2002–03 Australian bushfire season", "Nick carson", "1230096807", "259863008", "7384", 
"20826035", "765582", "2002–03 Australian bushfire season", "Nick carson", "1230096979", "259863318", "7399", 
"20826035", "765582", "2002–03 Australian bushfire season", "Nick carson", "1230096995", "259863369", "7376", 
"20826035", "765582", "2002–03 Australian bushfire season", "Nick carson", "1230097206", "259863773", "7589", 
"20826035", "765582", "2002–03 Australian bushfire season", "Nick carson", "1230097274", "259863898", "7595", 
"20826035", "765582", "2002–03 Australian bushfire season", "Nick carson", "1230097367", "259864086", "7594", 
"20826035", "765582", "2002–03 Australian bushfire season", "Nick carson", "1230097445", "259864251", "7636", 
"20826035", "765582", "2002–03 Australian bushfire season", "Nick carson", "1230097617", "259864583", "7802", 
"20826035", "765582", "2002–03 Australian bushfire season", "Nick carson", "1230106486", "259878509", "7940", 
"20826035", "765582", "2002–03 Australian bushfire season", "Nick carson", "1230107538", "259879919", "8085", 
"20826035", "765582", "2002–03 Australian bushfire season", "Nick carson", "1230107558", "259879939", "8085", 
"20826035", "765582", "2002–03 Australian bushfire season", "Nick carson", "1230107611", "259880007", "8082", 
"20826035", "765582", "2002–03 Australian bushfire season", "Nick carson", "1230107633", "259880036", "8094", 
"20826035", "765582", "2002–03 Australian bushfire season", "Nick carson", "1230107713", "259880153", "8112", 
"20826035", "765582", "2002–03 Australian bushfire season", "Nick carson", "1230107744", "259880200", "8112", 
"20826035", "765582", "2002–03 Australian bushfire season", "Nick carson", "1230107783", "259880245", "8082", 
"20826035", "765582", "2002–03 Australian bushfire season", "Nick carson", "1230107908", "259880393", "8034", 
"20826035", "1241000", "2002–03 Australian bushfire season", "Grahamec", "1230164276", "259983810", "8070", 
"20826035", "765582", "2002–03 Australian bushfire season", "Nick carson", "1230219047", "260053973", "8065", 
"20826035", "765582", "2002–03 Australian bushfire season", "Nick carson", "1231152284", "262071246", "8066", 
"20826035", "525927", "2002–03 Australian bushfire season", "Chris the speller", "1231367376", "262627059", "8022", 
"20826035", "1739907", "2002–03 Australian bushfire season", "DuncanHill", "1231503061", "262953803", "8085", 
"20826035", "3068013", "2002–03 Australian bushfire season", "Trex21", "1232356395", "265046391", "8086", 
"20826035", "154881", "2002–03 Australian bushfire season", "Zntrip", "1233445897", "267726630", "8189", 
"20826035", "203217029182", "2002–03 Australian bushfire season", "203.217.29.182", "1233459883", "267760306", "8203", 
"20826035", "203217029182", "2002–03 Australian bushfire season", "203.217.29.182", "1233460061", "267760664", "6065", 
"20826035", "8024439", "2002–03 Australian bushfire season", "LilHelpa", "1233842677", "268687271", "6065", 
"20826035", "173687", "2002–03 Australian bushfire season", "Tabletop", "1234075584", "269283302", "6067", 
"20826035", "3646511", "2002–03 Australian bushfire season", "Graymornings", "1234246371", "269715772", "6066", 
"20826035", "765582", "2002–03 Australian bushfire season", "Nick carson", "1234347706", "269974547", "6136", 
"20826035", "765582", "2002–03 Australian bushfire season", "Nick carson", "1234347830", "269974834", "6199", 
"20826035", "597380", "2002–03 Australian bushfire season", "Peter Campbell", "1234695814", "270863805", "6217", 
"20826035", "597380", "2002–03 Australian bushfire season", "Peter Campbell", "1234925518", "271490172", "6220", 
"20826035", "597380", "2002–03 Australian bushfire season", "Peter Campbell", "1236038947", "274566310", "6264", 
"20826035", "597380", "2002–03 Australian bushfire season", "Peter Campbell", "1236039097", "274566832", "6304", 
"20826035", "1979668", "2002–03 Australian bushfire season", "The Anomebot2", "1237495679", "278400960", "6333", 
"20826035", "4497295", "2002–03 Australian bushfire season", "Orderinchaos 2", "1246414886", "299618386", "6355", 
"20826035", "765582", "2002–03 Australian bushfire season", "Nick carson", "1252058323", "311808360", "6466", 
"20826035", "765582", "2002–03 Australian bushfire season", "Nick carson", "1257070802", "323254190", "6089", 
"20826035", "765582", "2002–03 Australian bushfire season", "Nick carson", "1257128461", "323397480", "6379", 
"20826035", "765582", "2002–03 Australian bushfire season", "Nick carson", "1257128595", "323397842", "6388", 
"20826035", "203434", "2002–03 Australian bushfire season", "Rjwilmsi", "1264239820", "339507926", "6388", 
"20826035", "11429773", "2002–03 Australian bushfire season", "GardmanVS", "1264321603", "339690372", "6392", 
"20826035", "9635580", "2002–03 Australian bushfire season", "Simple Bob", "1264415677", "339901402", "6388", 
"20826035", "11429773", "2002–03 Australian bushfire season", "GardmanVS", "1264418282", "339905434", "6392", 
"20826035", "9635580", "2002–03 Australian bushfire season", "Simple Bob", "1264418312", "339905482", "6388", 
"20826035", "3006008", "2002–03 Australian bushfire season", "Hugo999", "1273272828", "360806528", "6396", 
"20826035", "917223", "2002–03 Australian bushfire season", "Dl2000", "1282965755", "381432312", "6393", 
"20826035", "433328", "2002–03 Australian bushfire season", "SmackBot", "1283096913", "381706474", "6420", 
"20826035", "113635", "2002–03 Australian bushfire season", "Jjron", "1293510580", "404581739", "6647", 
"20826035", "113635", "2002–03 Australian bushfire season", "Jjron", "1293510605", "404581779", "6641", 
"20826035", "113635", "2002–03 Australian bushfire season", "Jjron", "1293510696", "404581956", "6641", 
"20826035", "113635", "2002–03 Australian bushfire season", "Jjron", "1293510747", "404582055", "6638", 
"20826035", "113635", "2002–03 Australian bushfire season", "Jjron", "1293510905", "404582357", "6855", 
"20826035", "113635", "2002–03 Australian bushfire season", "Jjron", "1293510986", "404582548", "6849", 
"20826035", "113635", "2002–03 Australian bushfire season", "Jjron", "1293511306", "404583295", "6853", 
"20826035", "113635", "2002–03 Australian bushfire season", "Jjron", "1293511429", "404583545", "6885", 
"20826035", "113635", "2002–03 Australian bushfire season", "Jjron", "1293512107", "404584977", "6939", 
"20826035", "113635", "2002–03 Australian bushfire season", "Jjron", "1293512199", "404585198", "6938", 
"20826035", "113635", "2002–03 Australian bushfire season", "Jjron", "1293512529", "404585984", "7001", 
"20826035", "113635", "2002–03 Australian bushfire season", "Jjron", "1293512559", "404586066", "7003", 
"20826035", "113635", "2002–03 Australian bushfire season", "Jjron", "1293512936", "404586796", "7175", 
"20826035", "113635", "2002–03 Australian bushfire season", "Jjron", "1293519470", "404598025", "7253", 
"20826035", "113635", "2002–03 Australian bushfire season", "Jjron", "1293519555", "404598138", "7239", 
"20826035", "113635", "2002–03 Australian bushfire season", "Jjron", "1293542457", "404631132", "7266", 
"20826035", "113635", "2002–03 Australian bushfire season", "Jjron", "1293542474", "404631166", "7271", 
"20826035", "113635", "2002–03 Australian bushfire season", "Jjron", "1293542511", "404631213", "7303", 
"20826035", "86163", "2002–03 Australian bushfire season", "LindsayH", "1295195273", "408222042", "7303", 
"20826035", "092022106205", "2002–03 Australian bushfire season", "92.22.106.205", "1300295055", "419148932", "7303", 
"20826035", "113635", "2002–03 Australian bushfire season", "Jjron", "1302519948", "423494111", "7323", 
"20826035", "202164200197", "2002–03 Australian bushfire season", "202.164.200.197", "1312974837", "444040701", "7326", 
"20826035", "4071608", "2002–03 Australian bushfire season", "WereSpielChequers", "1320046528", "458260823", "7325", 
"20826035", "555187", "2002–03 Australian bushfire season", "Melburnian", "1326696329", "471635699", "7644", 
"2666732", "107326", "Biscuit Fire", "Acjelen", "1126539086", "23105341", "465", 
"2666732", "46219", "Biscuit Fire", "Niteowlneils", "1126564670", "23126268", "493", 
"2666732", "107439", "Biscuit Fire", "Kjkolb", "1126567489", "23128742", "644", 
"2666732", "299884", "Biscuit Fire", "Alynna Kasmira", "1126889383", "23349650", "652", 
"2666732", "393532", "Biscuit Fire", "Whobot", "1127722816", "24061966", "642", 
"2666732", "286968", "Biscuit Fire", "Epolk", "1128122824", "24437958", "1846", 
"2666732", "300438", "Biscuit Fire", "EngineerScotty", "1139092359", "38207304", "2036", 
"2666732", "723279", "Biscuit Fire", "Ligulembot", "1141378837", "42033151", "2043", 
"2666732", "508734", "Biscuit Fire", "Hmains", "1145039592", "48451354", "2092", 
"2666732", "1224466", "Biscuit Fire", "Jackyd101", "1147009715", "51979232", "2073", 
"2666732", "1121512", "Biscuit Fire", "Guitar Slim", "1147796852", "53528045", "2074", 
"2666732", "406660", "Biscuit Fire", "Mmcannis", "1149753819", "57499853", "2113", 
"2666732", "759211", "Biscuit Fire", "Valfontis", "1149983904", "57954000", "2124", 
"2666732", "893445", "Biscuit Fire", "Big Smooth", "1154119795", "66413681", "2125", 
"2666732", "893445", "Biscuit Fire", "Big Smooth", "1154122287", "66420226", "2632", 
"2666732", "12028", "Biscuit Fire", "Jengod", "1159468673", "78347969", "2671", 
"2666732", "527862", "Biscuit Fire", "Bluebot", "1159482864", "78391881", "2663", 
"2666732", "508734", "Biscuit Fire", "Hmains", "1159505863", "78445841", "2655", 
"2666732", "508734", "Biscuit Fire", "Hmains", "1160342553", "80285395", "2627", 
"2666732", "513372", "Biscuit Fire", "Daysleeper47", "1173450689", "113834612", "2886", 
"2666732", "759211", "Biscuit Fire", "Valfontis", "1173457661", "113857390", "2885", 
"2666732", "759211", "Biscuit Fire", "Valfontis", "1173457699", "113857518", "2885", 
"2666732", "4469495", "Biscuit Fire", "Lightmouse", "1180206804", "133692909", "2884", 
"2666732", "508734", "Biscuit Fire", "Hmains", "1180295117", "133914095", "2921", 
"2666732", "508734", "Biscuit Fire", "Hmains", "1180297436", "133921833", "2923", 
"2666732", "453720", "Biscuit Fire", "Hydrogen Iodide", "1182369503", "139497313", "2942", 
"2666732", "071217231006", "Biscuit Fire", "71.217.231.6", "1183342412", "141924135", "2939", 
"2666732", "2030868", "Biscuit Fire", "MetsBot", "1188535732", "154745822", "3043", 
"2666732", "063199033066", "Biscuit Fire", "63.199.33.66", "1192123461", "163843643", "3113", 
"2666732", "4767964", "Biscuit Fire", "Phnom Penh Punks", "1192126363", "163853987", "3043", 
"2666732", "214427", "Biscuit Fire", "Vegaswikian", "1193442467", "167320717", "3032", 
"2666732", "214427", "Biscuit Fire", "Vegaswikian", "1193442565", "167320985", "2991", 
"2666732", "349608", "Biscuit Fire", "Gs 12", "1202293302", "189469806", "3032", 
"2666732", "343115", "Biscuit Fire", "Karl Andrews", "1215660328", "224722801", "3044", 
"2666732", "078086189119", "Biscuit Fire", "78.86.189.119", "1223405748", "243711598", "3046", 
"2666732", "140247220185", "Biscuit Fire", "140.247.220.185", "1227040915", "252639309", "3034", 
"2666732", "203434", "Biscuit Fire", "Rjwilmsi", "1227820230", "254487558", "3045", 
"2666732", "209237085014", "Biscuit Fire", "209.237.85.14", "1238026175", "279700703", "3133", 
"2666732", "759211", "Biscuit Fire", "Valfontis", "1238033266", "279719839", "3045", 
"2666732", "1979668", "Biscuit Fire", "The Anomebot2", "1240232452", "285006257", "3078", 
"2666732", "1979668", "Biscuit Fire", "The Anomebot2", "1241739758", "288574962", "3071", 
"2666732", "6045805", "Biscuit Fire", "Flutterman", "1244565972", "295402009", "3073", 
"2666732", "82835", "Biscuit Fire", "Rich Farmbrough", "1258630534", "326716639", "3041", 
"2666732", "433328", "Biscuit Fire", "SmackBot", "1261932635", "334298705", "3033", 
"2666732", "759211", "Biscuit Fire", "Valfontis", "1262216617", "335004359", "2992", 
"2666732", "161203016001", "Biscuit Fire", "161.203.16.1", "1263495196", "337844862", "2999", 
"2666732", "2535673", "Biscuit Fire", "G-41614", "1267180511", "346470909", "2993", 
"2666732", "128193015053", "Biscuit Fire", "128.193.15.53", "1270073565", "353235254", "2988", 
"2666732", "3006008", "Biscuit Fire", "Hugo999", "1270619531", "354474602", "3016", 
"2666732", "11406674", "Biscuit Fire", "Look2See1", "1291683753", "400964676", "3283", 
"2666732", "1708636", "Biscuit Fire", "Grammerking97", "1297219570", "412843631", "3287", 
"2666732", "5878081", "Biscuit Fire", "Stepheng3", "1303084952", "424604852", "3297", 
"2666732", "203786", "Biscuit Fire", "Tim!", "1310591581", "439324548", "3290", 
"2666732", "203786", "Biscuit Fire", "Tim!", "1310591600", "439324597", "3318", 
"2666732", "15630326", "Biscuit Fire", "FightIndustry", "1320004255", "458176147", "3403", 
"3960453", "300438", "Biscuit Fire publication controversy", "EngineerScotty", "1139092076", "38206544", "4450", 
"3960453", "300438", "Biscuit Fire publication controversy", "EngineerScotty", "1139092438", "38207520", "4614", 
"3960453", "300438", "Biscuit Fire publication controversy", "EngineerScotty", "1139092673", "38208103", "4618", 
"3960453", "300438", "Biscuit Fire publication controversy", "EngineerScotty", "1139093349", "38209954", "4630", 
"3960453", "069217142036", "Biscuit Fire publication controversy", "69.217.142.36", "1142868812", "44671261", "4630", 
"3960453", "680693", "Biscuit Fire publication controversy", "VegaDark", "1144014720", "46649103", "4660", 
"3960453", "94147", "Biscuit Fire publication controversy", "Shanes", "1144734658", "47914267", "4648", 
"3960453", "508734", "Biscuit Fire publication controversy", "Hmains", "1145041883", "48456335", "4697", 
"3960453", "51235", "Biscuit Fire publication controversy", "Bobblewik", "1145127590", "48598681", "4710", 
"3960453", "067049142137", "Biscuit Fire publication controversy", "67.49.142.137", "1148114083", "54161628", "4707", 
"3960453", "128193118117", "Biscuit Fire publication controversy", "128.193.118.117", "1148678266", "55319410", "4747", 
"3960453", "128193118117", "Biscuit Fire publication controversy", "128.193.118.117", "1148678294", "55319477", "4772", 
"3960453", "24902", "Biscuit Fire publication controversy", "Bearcat", "1154412240", "66992484", "4793", 
"3960453", "1801240", "Biscuit Fire publication controversy", "Thompjon", "1154795845", "67843468", "5377", 
"3960453", "1801240", "Biscuit Fire publication controversy", "Thompjon", "1154795952", "67843732", "5410", 
"3960453", "1801240", "Biscuit Fire publication controversy", "Thompjon", "1154796162", "67844249", "5301", 
"3960453", "205175123113", "Biscuit Fire publication controversy", "205.175.123.113", "1155005864", "68323346", "5210", 
"3960453", "300438", "Biscuit Fire publication controversy", "EngineerScotty", "1155011692", "68337382", "5939", 
"3960453", "49010", "Biscuit Fire publication controversy", "Mboverload", "1155348451", "69135134", "5939", 
"3960453", "759211", "Biscuit Fire publication controversy", "Valfontis", "1156626079", "72067778", "5850", 
"3960453", "429935", "Biscuit Fire publication controversy", "Crystallina", "1159053145", "77437369", "5880", 
"3960453", "508734", "Biscuit Fire publication controversy", "Hmains", "1160342703", "80285899", "5851", 
"3960453", "2435747", "Biscuit Fire publication controversy", "Nyckfull", "1160398394", "80407157", "5853", 
"3960453", "1079367", "Biscuit Fire publication controversy", "CmdrObot", "1162588902", "85546410", "5861", 
"3960453", "2067872", "Biscuit Fire publication controversy", "Gomm", "1166233260", "94624560", "5861", 
"3960453", "2067872", "Biscuit Fire publication controversy", "Gomm", "1166233716", "94625610", "5876", 
"3960453", "710296", "Biscuit Fire publication controversy", "Peteforsyth", "1169499461", "102510199", "5982", 
"3960453", "710296", "Biscuit Fire publication controversy", "Peteforsyth", "1169499504", "102510339", "5982", 
"3960453", "2067872", "Biscuit Fire publication controversy", "Gomm", "1169509802", "102548609", "6235", 
"3960453", "3360766", "Biscuit Fire publication controversy", "Sintaku", "1179255487", "131099625", "6233", 
"3960453", "710296", "Biscuit Fire publication controversy", "Peteforsyth", "1179263338", "131134216", "6312", 
"3960453", "3664913", "Biscuit Fire publication controversy", "Groupthink", "1184322239", "144369511", "6321", 
"3960453", "1546024", "Biscuit Fire publication controversy", "Natalie Erin", "1190321905", "159248229", "6318", 
"3960453", "1546024", "Biscuit Fire publication controversy", "Natalie Erin", "1190322047", "159248742", "6314", 
"3960453", "214427", "Biscuit Fire publication controversy", "Vegaswikian", "1193442734", "167321446", "6270", 
"3960453", "551385", "Biscuit Fire publication controversy", "EncMstr", "1198798102", "180512918", "6327", 
"3960453", "2067872", "Biscuit Fire publication controversy", "Gomm", "1199125553", "181231256", "6317", 
"3960453", "6456973", "Biscuit Fire publication controversy", "Mapleroad", "1203192556", "191913617", "7439", 
"3960453", "2067872", "Biscuit Fire publication controversy", "Gomm", "1203545271", "192897051", "7438", 
"3960453", "759211", "Biscuit Fire publication controversy", "Valfontis", "1211949891", "215434890", "7492", 
"3960453", "2067872", "Biscuit Fire publication controversy", "Gomm", "1212528987", "216932230", "7502", 
"3960453", "2067872", "Biscuit Fire publication controversy", "Gomm", "1212529164", "216932781", "7444", 
"3960453", "2067872", "Biscuit Fire publication controversy", "Gomm", "1212529433", "216933643", "7386", 
"3960453", "2067872", "Biscuit Fire publication controversy", "Gomm", "1212531245", "216939320", "7323", 
"3960453", "203434", "Biscuit Fire publication controversy", "Rjwilmsi", "1214163941", "221036357", "7317", 
"3960453", "6327857", "Biscuit Fire publication controversy", "Merodack", "1216349599", "226374441", "7270", 
"3960453", "076169247177", "Biscuit Fire publication controversy", "76.169.247.177", "1223861530", "244893568", "7454", 
"3960453", "2372780", "Biscuit Fire publication controversy", "J.delanoy", "1223861701", "244894029", "7270", 
"3960453", "076169247177", "Biscuit Fire publication controversy", "76.169.247.177", "1223861858", "244894460", "7372", 
"3960453", "5924818", "Biscuit Fire publication controversy", "Thingg", "1223861862", "244894478", "7270", 
"3960453", "1979668", "Biscuit Fire publication controversy", "The Anomebot2", "1240230367", "285001844", "7303", 
"3960453", "76", "Biscuit Fire publication controversy", "The Anome", "1240230992", "285003042", "7270", 
"3960453", "10076435", "Biscuit Fire publication controversy", "Full-date unlinking bot", "1259430016", "328413535", "7257", 
"3960453", "929196", "Biscuit Fire publication controversy", "Levineps", "1261614456", "333688950", "7267", 
"3960453", "3006008", "Biscuit Fire publication controversy", "Hugo999", "1270619501", "354474542", "7295", 
"3960453", "3006008", "Biscuit Fire publication controversy", "Hugo999", "1270619594", "354474704", "7323", 
"3960453", "279219", "Biscuit Fire publication controversy", "RussBot", "1284023133", "383799425", "7332", 
"3960453", "23820", "Biscuit Fire publication controversy", "Huangdi", "1288750581", "394505382", "7333", 
"3960453", "23820", "Biscuit Fire publication controversy", "Huangdi", "1288751392", "394508116", "7356", 
"3960453", "12323565", "Biscuit Fire publication controversy", "H3llBot", "1297600849", "413677010", "7486", 
"3960453", "203786", "Biscuit Fire publication controversy", "Tim!", "1313789621", "445726393", "7514", 
"3960453", "15812200", "Biscuit Fire publication controversy", "Sad00w", "1322453506", "462843253", "7501", 
"3960453", "320761", "Biscuit Fire publication controversy", "Ben b", "1324293143", "466671716", "7505", 
"3960453", "320761", "Biscuit Fire publication controversy", "Ben b", "1324293358", "466671981", "7522", 
"9415446", "1894004", "Field of Mars Fires", "Grast02", "1171073338", "106986694", "1331", 
"9415446", "1894004", "Field of Mars Fires", "Grast02", "1171073796", "106987976", "1331", 
"9415446", "1894004", "Field of Mars Fires", "Grast02", "1171073950", "106988366", "1287", 
"9415446", "1894004", "Field of Mars Fires", "Grast02", "1171074200", "106989066", "1311", 
"9415446", "1894004", "Field of Mars Fires", "Grast02", "1171074472", "106989863", "1345", 
"9415446", "124168213012", "Field of Mars Fires", "124.168.213.12", "1171075426", "106992537", "1344", 
"9415446", "124168213012", "Field of Mars Fires", "124.168.213.12", "1171075785", "106993542", "1415", 
"9415446", "124168213012", "Field of Mars Fires", "124.168.213.12", "1171087972", "107025003", "1344", 
"9415446", "124168213012", "Field of Mars Fires", "124.168.213.12", "1171089862", "107029069", "1337", 
"9415446", "124168213012", "Field of Mars Fires", "124.168.213.12", "1171096480", "107041341", "1335", 
"9415446", "390483", "Field of Mars Fires", "Shyam", "1172138823", "110036975", "1300", 
"9415446", "1324179", "Field of Mars Fires", "Alaibot", "1172763239", "111840609", "1329", 
"9415446", "433328", "Field of Mars Fires", "SmackBot", "1177089176", "124401713", "1334", 
"9415446", "3252001", "Field of Mars Fires", "SueHay", "1177450739", "125632403", "1348", 
"9415446", "3252001", "Field of Mars Fires", "SueHay", "1177450903", "125633069", "1376", 
"9415446", "4034676", "Field of Mars Fires", "Brenont", "1180674237", "135019304", "1375", 
"9415446", "261435", "Field of Mars Fires", "Jaraalbe", "1222461771", "241202837", "1438", 
"9415446", "1241000", "Field of Mars Fires", "Grahamec", "1222521636", "241318989", "1490", 
"9415446", "433328", "Field of Mars Fires", "SmackBot", "1222545498", "241383872", "1513", 
"9415446", "124168143206", "Field of Mars Fires", "124.168.143.206", "1223625008", "244327981", "1538", 
"9415446", "469320", "Field of Mars Fires", "Ssbohio", "1231042889", "261826793", "1530", 
"9415446", "469320", "Field of Mars Fires", "Ssbohio", "1231042945", "261826938", "1534", 
"9415446", "469320", "Field of Mars Fires", "Ssbohio", "1231043301", "261827757", "1596", 
"9415446", "1979668", "Field of Mars Fires", "The Anomebot2", "1237495869", "278401545", "1625", 
"9415446", "9541865", "Field of Mars Fires", "PigFlu Oink", "1241843242", "288808118", "1623", 
"9415446", "061095119154", "Field of Mars Fires", "61.95.119.154", "1253053348", "314206651", "1632", 
"9415446", "3006008", "Field of Mars Fires", "Hugo999", "1273272998", "360806910", "1636", 
"9415446", "10172481", "Field of Mars Fires", "Crusoe8181", "1282962672", "381426213", "1642", 
"9415446", "2283104", "Field of Mars Fires", "Emeraude", "1292871402", "403390538", "1584", 
"9415446", "7611264", "Field of Mars Fires", "AnomieBOT", "1292873320", "403395556", "1622", 
"9415446", "82835", "Field of Mars Fires", "Rich Farmbrough", "1292873356", "403395674", "1657", 
"9415446", "141808", "Field of Mars Fires", "RJFJR", "1310323627", "438783411", "1630", 
"9415446", "141808", "Field of Mars Fires", "RJFJR", "1310323665", "438783485", "1487", 
"57745", "188", "Hayman Fire", "Ed Poor", "1024294667", "97161", "570", 
"57745", "188", "Hayman Fire", "Ed Poor", "1024294764", "229140", "571", 
"57745", "156063205198", "Hayman Fire", "156.63.205.198", "1032444291", "229178", "445", 
"57745", "156063129144", "Hayman Fire", "156.63.129.144", "1032444681", "350491", "447", 
"57745", "4392", "Hayman Fire", "RTC", "1034317268", "1300022", "571", 
"57745", "16924", "Hayman Fire", "Maximus Rex", "1061066079", "2110151", "603", 
"57745", "27822", "Hayman Fire", "RedWolf", "1073535414", "14873270", "599", 
"57745", "59986", "Hayman Fire", "PDH", "1118234423", "15951890", "617", 
"57745", "1591", "Hayman Fire", "SimonP", "1119968395", "17761482", "622", 
"57745", "070056238127", "Hayman Fire", "70.56.238.127", "1121100891", "18609375", "602", 
"57745", "070056238127", "Hayman Fire", "70.56.238.127", "1121101013", "18609517", "699", 
"57745", "101935", "Hayman Fire", "Cmdrjameson", "1122510793", "19751422", "700", 
"57745", "196153", "Hayman Fire", "Cuchullain", "1132119365", "28478509", "740", 
"57745", "332420", "Hayman Fire", "Emersoni", "1132179045", "28537653", "744", 
"57745", "516444", "Hayman Fire", "Mairibot", "1133284186", "29603657", "752", 
"57745", "206148104177", "Hayman Fire", "206.148.104.177", "1133925091", "30427433", "795", 
"57745", "36352", "Hayman Fire", "Alan Liefting", "1136770543", "34435644", "774", 
"57745", "508734", "Hayman Fire", "Hmains", "1145039947", "48452103", "823", 
"57745", "271058", "Hayman Fire", "YurikBot", "1150632065", "59262446", "844", 
"57745", "271376", "Hayman Fire", "TexasAndroid", "1157988694", "75109059", "892", 
"57745", "205170003233", "Hayman Fire", "205.170.3.233", "1158896157", "77109200", "972", 
"57745", "205170003233", "Hayman Fire", "205.170.3.233", "1158896177", "77109245", "973", 
"57745", "12028", "Hayman Fire", "Jengod", "1159470727", "78354374", "1005", 
"57745", "508734", "Hayman Fire", "Hmains", "1160342051", "80283718", "977", 
"57745", "508734", "Hayman Fire", "Hmains", "1160343822", "80289895", "985", 
"57745", "204098002020", "Hayman Fire", "204.98.2.20", "1164819152", "90930714", "1005", 
"57745", "192055052002", "Hayman Fire", "192.55.52.2", "1165522620", "92766720", "985", 
"57745", "440592", "Hayman Fire", "Buf7579", "1168587016", "100179924", "986", 
"57745", "707329", "Hayman Fire", "NickdelaG", "1170756737", "106020767", "1044", 
"57745", "679632", "Hayman Fire", "EnsRedShirt", "1172467616", "111012490", "1070", 
"57745", "075070208049", "Hayman Fire", "75.70.208.49", "1176960233", "124012686", "1090", 
"57745", "2980684", "Hayman Fire", "Blueronin", "1179076480", "130571768", "1089", 
"57745", "1600672", "Hayman Fire", "Tweesdad", "1179082716", "130592158", "1466", 
"57745", "1600672", "Hayman Fire", "Tweesdad", "1179082971", "130593017", "1470", 
"57745", "508734", "Hayman Fire", "Hmains", "1180324006", "134001022", "1472", 
"57745", "11745", "Hayman Fire", "Dwo", "1180819937", "135402740", "1485", 
"57745", "1600672", "Hayman Fire", "Tweesdad", "1182238296", "139153162", "1513", 
"57745", "433328", "Hayman Fire", "SmackBot", "1182271305", "139230790", "1528", 
"57745", "4967896", "Hayman Fire", "Avenged Eightfold", "1194381042", "169672777", "1528", 
"57745", "4967896", "Hayman Fire", "Avenged Eightfold", "1194381061", "169672840", "1528", 
"57745", "4469495", "Hayman Fire", "Lightmouse", "1199970452", "183387992", "1524", 
"57745", "426034", "Hayman Fire", "Truants", "1200096848", "183743245", "2392", 
"57745", "067168216178", "Hayman Fire", "67.168.216.178", "1201481158", "187365578", "2429", 
"57745", "075070038240", "Hayman Fire", "75.70.38.240", "1207259452", "203143888", "2520", 
"57745", "075070038240", "Hayman Fire", "75.70.38.240", "1207259551", "203144326", "2572", 
"57745", "070230211005", "Hayman Fire", "70.230.211.5", "1207580867", "203997959", "2924", 
"57745", "7178666", "Hayman Fire", "Lightbot", "1212799933", "217654053", "2923", 
"57745", "668752", "Hayman Fire", "Radagast83", "1219726873", "234289559", "4938", 
"57745", "024056180098", "Hayman Fire", "24.56.180.98", "1222106351", "240256512", "4940", 
"57745", "024056180098", "Hayman Fire", "24.56.180.98", "1222106491", "240256810", "4944", 
"57745", "1635280", "Hayman Fire", "TimVickers", "1222186994", "240469174", "4938", 
"57745", "261435", "Hayman Fire", "Jaraalbe", "1222548843", "241394946", "4934", 
"57745", "525927", "Hayman Fire", "Chris the speller", "1223911940", "245007477", "4935", 
"57745", "2666389", "Hayman Fire", "Plasticup", "1224817872", "247311279", "4927", 
"57745", "075071041101", "Hayman Fire", "75.71.41.101", "1236041692", "274575994", "4925", 
"57745", "097121190159", "Hayman Fire", "97.121.190.159", "1239393179", "283036911", "4836", 
"57745", "1979668", "Hayman Fire", "The Anomebot2", "1240230781", "285002625", "4868", 
"57745", "2465460", "Hayman Fire", "FusionDude", "1241238354", "287386555", "4870", 
"57745", "1979668", "Hayman Fire", "The Anomebot2", "1241740536", "288577327", "4865", 
"57745", "154757", "Hayman Fire", "BlueCanoe", "1244493732", "295241263", "6099", 
"57745", "1208138", "Hayman Fire", "AndrewHowse", "1257482145", "324220313", "6132", 
"57745", "82835", "Hayman Fire", "Rich Farmbrough", "1258533641", "326502389", "6108", 
"57745", "220233164063", "Hayman Fire", "220.233.164.63", "1263436033", "337722652", "6107", 
"57745", "154757", "Hayman Fire", "BlueCanoe", "1263438091", "337727027", "6101", 
"57745", "131193226055", "Hayman Fire", "131.193.226.55", "1268771820", "350269936", "6105", 
"57745", "6577562", "Hayman Fire", "LabradorLover456", "1269876522", "352751028", "6495", 
"57745", "3006008", "Hayman Fire", "Hugo999", "1270615986", "354468735", "6524", 
"57745", "3006008", "Hayman Fire", "Hugo999", "1270635687", "354501973", "6515", 
"57745", "10996774", "Hayman Fire", "RjwilmsiBot", "1272974653", "360050568", "6543", 
"57745", "075166100033", "Hayman Fire", "75.166.100.33", "1275051244", "364658133", "6862", 
"57745", "075166100033", "Hayman Fire", "75.166.100.33", "1275051522", "364658600", "6913", 
"57745", "075166100033", "Hayman Fire", "75.166.100.33", "1275051766", "364658988", "6974", 
"57745", "075166100033", "Hayman Fire", "75.166.100.33", "1275051807", "364659069", "6975", 
"57745", "209097232066", "Hayman Fire", "209.97.232.66", "1275602664", "365910469", "6975", 
"57745", "12611921", "Hayman Fire", "Tmweiss", "1277229410", "369584706", "7138", 
"57745", "174016245015", "Hayman Fire", "174.16.245.15", "1277358645", "369867005", "7136", 
"57745", "174016245015", "Hayman Fire", "174.16.245.15", "1277358719", "369867104", "7131", 
"57745", "071229164030", "Hayman Fire", "71.229.164.30", "1279254129", "373747704", "7034", 
"57745", "076025001211", "Hayman Fire", "76.25.1.211", "1279493178", "374207133", "7216", 
"57745", "9540157", "Hayman Fire", "Citation bot 1", "1280452909", "376187960", "7242", 
"57745", "075166073121", "Hayman Fire", "75.166.73.121", "1281149702", "377585839", "7244", 
"57745", "899547", "Hayman Fire", "Skinsmoke", "1284309673", "384413775", "7316", 
"57745", "899547", "Hayman Fire", "Skinsmoke", "1284309929", "384414565", "7292", 
"57745", "7328338", "Hayman Fire", "Yobot", "1293444712", "404438371", "7280", 
"57745", "064132000250", "Hayman Fire", "64.132.0.250", "1298045874", "414636185", "7311", 
"57745", "13895884", "Hayman Fire", "Tucker454", "1298448634", "415473275", "7802", 
"57745", "203786", "Hayman Fire", "Tim!", "1310592936", "439327987", "7793", 
"57745", "075070070017", "Hayman Fire", "75.70.70.17", "1312138221", "442391590", "7793", 
"57745", "232133", "Hayman Fire", "Ground Zero", "1319384523", "456995024", "7793", 
"57745", "134231245110", "Hayman Fire", "134.231.245.110", "1322662669", "463299380", "7797", 
"57745", "2490128", "Hayman Fire", "Reedy Bot", "1323914491", "465926571", "7829", 
"57745", "098127191178", "Hayman Fire", "98.127.191.178", "1325347190", "468787040", "7931", 
"57745", "098127191178", "Hayman Fire", "98.127.191.178", "1325347375", "468787392", "7938", 
"57745", "165127194251", "Hayman Fire", "165.127.194.251", "1325610406", "469350997", "7927", 
"57745", "165127194251", "Hayman Fire", "165.127.194.251", "1325610605", "469351663", "8003", 
"57745", "165127090110", "Hayman Fire", "165.127.90.110", "1325698942", "469544283", "7999", 
"57745", "165127194251", "Hayman Fire", "165.127.194.251", "1326146444", "470508213", "8010", 
"57745", "165127194251", "Hayman Fire", "165.127.194.251", "1326146545", "470508442", "7997", 
"57745", "165127194251", "Hayman Fire", "165.127.194.251", "1326146639", "470508649", "7975", 
"12975028", "1590331", "McNally Fire", "Akradecki", "1188230237", "153971750", "1035", 
"12975028", "1590331", "McNally Fire", "Akradecki", "1188230348", "153972154", "1034", 
"12975028", "433328", "McNally Fire", "SmackBot", "1200755432", "185432610", "1025", 
"12975028", "7178666", "McNally Fire", "Lightbot", "1212850170", "217755757", "1024", 
"12975028", "4469495", "McNally Fire", "Lightmouse", "1224936502", "247569916", "1022", 
"12975028", "1979668", "McNally Fire", "The Anomebot2", "1240232672", "285006765", "1055", 
"12975028", "1979668", "McNally Fire", "The Anomebot2", "1241736054", "288565814", "1052", 
"12975028", "3006008", "McNally Fire", "Hugo999", "1270625236", "354483813", "1080", 
"12975028", "076102012047", "McNally Fire", "76.102.12.47", "1300429877", "419423452", "1085", 
"12975028", "203786", "McNally Fire", "Tim!", "1310592013", "439325624", "1117", 
"178994", "062253064007", "Rodeo–Chediski Fire", "62.253.64.7", "1044375552", "641639", "2496", 
"178994", "217168172214", "Rodeo–Chediski Fire", "217.168.172.214", "1044375716", "766104", "2496", 
"178994", "33", "Rodeo–Chediski Fire", "Derek Ross", "1048297365", "766105", "2499", 
"178994", "33", "Rodeo–Chediski Fire", "Derek Ross", "1048297398", "1063376", "2500", 
"178994", "5190", "Rodeo–Chediski Fire", "Fred Bauder", "1056113050", "2736953", "2641", 
"178994", "062049016208", "Rodeo–Chediski Fire", "62.49.16.208", "1079118702", "4041330", "2825", 
"178994", "12028", "Rodeo–Chediski Fire", "Jengod", "1086988434", "4780226", "2846", 
"178994", "87518", "Rodeo–Chediski Fire", "MDCore", "1090484829", "6128943", "2847", 
"178994", "51235", "Rodeo–Chediski Fire", "Bobblewik", "1096060344", "10500544", "2875", 
"178994", "17171", "Rodeo–Chediski Fire", "Hyacinth", "1109014114", "11048268", "2874", 
"178994", "063166226084", "Rodeo–Chediski Fire", "63.166.226.84", "1110603183", "11048314", "3226", 
"178994", "063166226084", "Rodeo–Chediski Fire", "63.166.226.84", "1110603290", "11048371", "3227", 
"178994", "063166226084", "Rodeo–Chediski Fire", "63.166.226.84", "1110603427", "11426649", "3243", 
"178994", "107928", "Rodeo–Chediski Fire", "Darwinek", "1111568925", "12275729", "3332", 
"178994", "012148084057", "Rodeo–Chediski Fire", "12.148.84.57", "1113434479", "12275977", "3365", 
"178994", "012148084057", "Rodeo–Chediski Fire", "12.148.84.57", "1113434802", "13966557", "3450", 
"178994", "159242", "Rodeo–Chediski Fire", "Phoenix Son", "1116580580", "16064622", "4243", 
"178994", "165613", "Rodeo–Chediski Fire", "Carcharoth", "1126144554", "22812114", "4266", 
"178994", "068070077226", "Rodeo–Chediski Fire", "68.70.77.226", "1126951685", "23391149", "4418", 
"178994", "146986", "Rodeo–Chediski Fire", "Gene Nygaard", "1127004836", "23425786", "4537", 
"178994", "393532", "Rodeo–Chediski Fire", "Whobot", "1127721381", "24060871", "4528", 
"178994", "220706", "Rodeo–Chediski Fire", "KAM", "1130781595", "26991032", "4524", 
"178994", "635645", "Rodeo–Chediski Fire", "Homestarmy", "1141179540", "41691476", "4625", 
"178994", "508734", "Rodeo–Chediski Fire", "Hmains", "1145038931", "48449919", "4675", 
"178994", "406660", "Rodeo–Chediski Fire", "Mmcannis", "1149604836", "57183931", "4715", 
"178994", "575347", "Rodeo–Chediski Fire", "Raymie", "1150825870", "59660002", "4716", 
"178994", "318255", "Rodeo–Chediski Fire", "EntChickie", "1151029341", "60104561", "5108", 
"178994", "208051019131", "Rodeo–Chediski Fire", "208.51.19.131", "1153333801", "64705801", "5150", 
"178994", "138511", "Rodeo–Chediski Fire", "Saga City", "1157838414", "74787483", "5150", 
"178994", "271376", "Rodeo–Chediski Fire", "TexasAndroid", "1157991141", "75115283", "5198", 
"178994", "508734", "Rodeo–Chediski Fire", "Hmains", "1160342075", "80283798", "5122", 
"178994", "2632554", "Rodeo–Chediski Fire", "Photolimo", "1162402598", "85071276", "5196", 
"178994", "2716446", "Rodeo–Chediski Fire", "Dcs315", "1163181944", "86976659", "5387", 
"178994", "2785385", "Rodeo–Chediski Fire", "Blueberrymuffin666", "1163799022", "88498345", "5392", 
"178994", "149093", "Rodeo–Chediski Fire", "Tainter", "1179525919", "131877061", "5225", 
"178994", "149093", "Rodeo–Chediski Fire", "Tainter", "1179526171", "131877844", "5221", 
"178994", "508734", "Rodeo–Chediski Fire", "Hmains", "1180296973", "133920312", "5223", 
"178994", "4521751", "Rodeo–Chediski Fire", "Gastorm28", "1180499023", "134491395", "5332", 
"178994", "4898486", "Rodeo–Chediski Fire", "SlackerMom", "1190816298", "160472500", "5344", 
"178994", "069009005170", "Rodeo–Chediski Fire", "69.9.5.170", "1193160528", "166553718", "5356", 
"178994", "1505824", "Rodeo–Chediski Fire", "Elhector", "1193336675", "167033291", "5346", 
"178994", "312589", "Rodeo–Chediski Fire", "ONEder Boy", "1193374990", "167154206", "5376", 
"178994", "312589", "Rodeo–Chediski Fire", "ONEder Boy", "1193375156", "167154503", "5389", 
"178994", "4967896", "Rodeo–Chediski Fire", "Avenged Eightfold", "1194381075", "169672888", "5389", 
"178994", "012148085074", "Rodeo–Chediski Fire", "12.148.85.74", "1200427195", "184550333", "5257", 
"178994", "312589", "Rodeo–Chediski Fire", "ONEder Boy", "1214243027", "221239791", "5291", 
"178994", "453720", "Rodeo–Chediski Fire", "Hydrogen Iodide", "1215059145", "223231520", "5316", 
"178994", "261435", "Rodeo–Chediski Fire", "Jaraalbe", "1222548918", "241395178", "5312", 
"178994", "4469495", "Rodeo–Chediski Fire", "Lightmouse", "1224938390", "247572895", "5260", 
"178994", "198939", "Rodeo–Chediski Fire", "JIP", "1227463779", "253627791", "5260", 
"178994", "216162023001", "Rodeo–Chediski Fire", "216.162.23.1", "1233936611", "268936677", "5350", 
"178994", "216162023001", "Rodeo–Chediski Fire", "216.162.23.1", "1233936678", "268936888", "0", 
"178994", "2372780", "Rodeo–Chediski Fire", "J.delanoy", "1233936680", "268936895", "5260", 
"178994", "508734", "Rodeo–Chediski Fire", "Hmains", "1240188490", "284915903", "5173", 
"178994", "1979668", "Rodeo–Chediski Fire", "The Anomebot2", "1240227936", "284996440", "5205", 
"178994", "1979668", "Rodeo–Chediski Fire", "The Anomebot2", "1241734173", "288560747", "5199", 
"178994", "154757", "Rodeo–Chediski Fire", "BlueCanoe", "1244490243", "295230364", "5596", 
"178994", "154757", "Rodeo–Chediski Fire", "BlueCanoe", "1244490637", "295231614", "5595", 
"178994", "154757", "Rodeo–Chediski Fire", "BlueCanoe", "1244494382", "295243379", "5974", 
"178994", "154757", "Rodeo–Chediski Fire", "BlueCanoe", "1244495030", "295245446", "6101", 
"178994", "173049162191", "Rodeo–Chediski Fire", "173.49.162.191", "1244806309", "295958529", "6234", 
"178994", "173049162191", "Rodeo–Chediski Fire", "173.49.162.191", "1244806625", "295959205", "6267", 
"178994", "1892329", "Rodeo–Chediski Fire", "Dentren", "1248801440", "304711587", "6271", 
"178994", "076246027002", "Rodeo–Chediski Fire", "76.246.27.2", "1251714512", "311055226", "6272", 
"178994", "071079037199", "Rodeo–Chediski Fire", "71.79.37.199", "1257473517", "324200961", "6290", 
"178994", "6454287", "Rodeo–Chediski Fire", "Good Olfactory", "1259548124", "328715565", "6290", 
"178994", "12274946", "Rodeo–Chediski Fire", "Cobaltcigs", "1273992888", "362392228", "6294", 
"178994", "137122049102", "Rodeo–Chediski Fire", "137.122.49.102", "1275411710", "365463841", "6276", 
"178994", "9332754", "Rodeo–Chediski Fire", "MGA73bot", "1281868449", "379025226", "6300", 
"178994", "8418536", "Rodeo–Chediski Fire", "MGA73", "1281894036", "379075541", "6288", 
"178994", "206078116002", "Rodeo–Chediski Fire", "206.78.116.2", "1288128119", "393072322", "6181", 
"178994", "318255", "Rodeo–Chediski Fire", "EntChickie", "1288673653", "394322773", "6595", 
"178994", "318255", "Rodeo–Chediski Fire", "EntChickie", "1288675434", "394326111", "6940", 
"178994", "067167085220", "Rodeo–Chediski Fire", "67.167.85.220", "1303522897", "425433191", "6935", 
"178994", "070190011083", "Rodeo–Chediski Fire", "70.190.11.83", "1307399108", "432927406", "6949", 
"178994", "433328", "Rodeo–Chediski Fire", "SmackBot", "1307399257", "432927770", "6964", 
"178994", "154757", "Rodeo–Chediski Fire", "BlueCanoe", "1307467912", "433064862", "7028", 
"178994", "14732049", "Rodeo–Chediski Fire", "Malanhome", "1307547003", "433221939", "7026", 
"178994", "10674912", "Rodeo–Chediski Fire", "Dusty777", "1307553506", "433238713", "7129", 
"178994", "10674912", "Rodeo–Chediski Fire", "Dusty777", "1307553562", "433238854", "7128", 
"178994", "10674912", "Rodeo–Chediski Fire", "Dusty777", "1307554862", "433242436", "7096", 
"178994", "7757002", "Rodeo–Chediski Fire", "Tom87020", "1307812654", "433746126", "7097", 
"178994", "205392", "Rodeo–Chediski Fire", "Jfinlayson", "1307842409", "433811063", "7256", 
"178994", "066195226134", "Rodeo–Chediski Fire", "66.195.226.134", "1307858493", "433840549", "7089", 
"178994", "12323565", "Rodeo–Chediski Fire", "H3llBot", "1307885038", "433879006", "7096", 
"178994", "076016086163", "Rodeo–Chediski Fire", "76.16.86.163", "1307992404", "434104716", "7117", 
"178994", "063228137165", "Rodeo–Chediski Fire", "63.228.137.165", "1307996442", "434115427", "7118", 
"178994", "11078061", "Rodeo–Chediski Fire", "Jazzlvraz", "1308061430", "434240945", "7211", 
"178994", "11078061", "Rodeo–Chediski Fire", "Jazzlvraz", "1308061483", "434241065", "7213", 
"178994", "10674912", "Rodeo–Chediski Fire", "Dusty777", "1308064430", "434247790", "7304", 
"178994", "10674912", "Rodeo–Chediski Fire", "Dusty777", "1308064512", "434248001", "7325", 
"178994", "10674912", "Rodeo–Chediski Fire", "Dusty777", "1308065481", "434250568", "7458", 
"178994", "10674912", "Rodeo–Chediski Fire", "Dusty777", "1308065623", "434250920", "7487", 
"178994", "063228137165", "Rodeo–Chediski Fire", "63.228.137.165", "1308242165", "434610080", "7505", 
"178994", "075167054229", "Rodeo–Chediski Fire", "75.167.54.229", "1308248423", "434625212", "7495", 
"178994", "071223112123", "Rodeo–Chediski Fire", "71.223.112.123", "1308656526", "435444743", "7505", 
"178994", "13286072", "Rodeo–Chediski Fire", "ClueBot NG", "1308656529", "435444755", "7495", 
"178994", "203786", "Rodeo–Chediski Fire", "Tim!", "1310592857", "439327791", "7485", 
"178994", "209180140225", "Rodeo–Chediski Fire", "209.180.140.225", "1310683998", "439523107", "7486", 
"178994", "11024752", "Rodeo–Chediski Fire", "Bento00", "1311535482", "441219373", "7485", 
"178994", "1918920", "Rodeo–Chediski Fire", "Jllm06", "1324737982", "467502790", "7532", 
"178994", "1918920", "Rodeo–Chediski Fire", "Jllm06", "1324737997", "467502831", "7567", 
